Source,Target,Game
Crimson_Rei,Daniel4world,EU4
LesserFrederick,Daniel4world,EU4
AsaTJ,CK2Benchmarks,EU4
StellarisGame,CK2Benchmarks,EU4
HOI_Game,CK2Benchmarks,EU4
YouTube,StratBeckerYT,EU4
PDX_Dev_Studio,Ngevd,EU4
YouTube,StratBeckerYT,EU4
Alfray_Stryke,AsaTJ,EU4
Scrubings,ItsHeavystep,EU4
AsaTJ,Alfray_Stryke,EU4
YouTube,theinoobproject,EU4
Gibbobobo,Vued_Retweets,EU4
Gibbobobo,Shayrilae,EU4
YouTube,Hufflebuff3,EU4
YouTube,ODSTWOLF99124,EU4
Amandalavan1,BaaRaaN444,EU4
AngelaMer,BaaRaaN444,EU4
E_Universalis,Out_Of_Touch,EU4
SmaIIArms,MedievalGinger,EU4
MedievalGinger,SmaIIArms,EU4
YouTube,Zhatelier,EU4
YouTube,UnboxTheFox,EU4
MrPhillips83,michaeldupless0,EU4
YouTube,Lambert2191,EU4
YouTube,Warsofthe1500s,EU4
380kmh,robert_mariani,EU4
YouTube,LordForwind,EU4
YouTube,jpgaggia,EU4
Amandalavan1,sheyda_hsh,EU4
AngelaMer,sheyda_hsh,EU4
solebrotherkab,WilhelmDriscoll,EU4
YouTube,ThoughtfulGamin,EU4
NYDailyNews,MRSJONEZ,EU4
Amandalavan1,Ayla_behsam,EU4
AngelaMer,Ayla_behsam,EU4
JezCorden,dreyer_smit,EU4
itzcaptain,joe_selva1,EU4
itzcaptain,karthiykj,EU4
itzcaptain,Rag_ivan,EU4
itzcaptain,Mugavarii,EU4
itzcaptain,deebanece,EU4
itzcaptain,Pencil_Offl,EU4
LagiaKouhai,kamaelSH,EU4
Cate_tr,LagiaKouhai,EU4
YouTube,Lambert2191,EU4
ISPuuuv,melkorama,EU4
spacedad1098,J7TYS,EU4
Amandalavan1,LiLi_Leila66,EU4
AngelaMer,LiLi_Leila66,EU4
mediocremensch,PapaBirdJake,EU4
PapaBirdJake,PapaBirdJake,EU4
Hugoreloaded,PapaBirdJake,EU4
PapaBirdJake,mediocremensch,EU4
Hugoreloaded,mediocremensch,EU4
PdxInteractive,ParkeraGames,EU4
alvietron,Lessons2history,EU4
LeicesterDave,dvandall24,EU4
Martin_Anward,dvandall24,EU4
YouTube,KueblerBen,EU4
380kmh,jahilliyah1848,EU4
YouTube,KueblerBen,EU4
YouTube,KueblerBen,EU4
YouTube,KueblerBen,EU4
NYDailyNews,infloydwetrust,EU4
YouTube,LuckyMarineGame,EU4
YouTube,LuckyMarineGame,EU4
NYDailyNews,Whodi361,EU4
NYDailyNews,boba1959,EU4
NYDailyNews,suzanne_cummins,EU4
NYDailyNews,MHawwal,EU4
NYDailyNews,prosperuthy_oxo,EU4
NYDailyNews,Bobbymangee,EU4
HolicShot,bitemyapp,EU4
AbsurdNihilism,bitemyapp,EU4
Snowwraith,Aldowyn,EU4
CJM156156,mikek1_7,EU4
YouTube,Hufflebuff3,EU4
LoliSausages,yyddddllllyy,EU4
YouTube,S0cialStreamers,EU4
AsaTJ,CK2Benchmarks,CK2
StellarisGame,CK2Benchmarks,CK2
HOI_Game,CK2Benchmarks,CK2
PDX_Dev_Studio,Ngevd,CK2
AsaTJ,Alfray_Stryke,CK2
Aldowyn,McNutcase,CK2
YouTube,NGParadox,CK2
AdamShaftoe,orange_marmoset,CK2
solebrotherkab,WilhelmDriscoll,CK2
YouTube,Djeljosue,CK2
SirVainglory,marekzaza1,CK2
DjangoWexler,Kommie_Kermit,CK2
Sadayo_Kawakami,VoltySquirrel,CK2
AyachiiTaki,VoltySquirrel,CK2
Pr0t35t3r,brandonlgtaylor,CK2
brandonlgtaylor,Pr0t35t3r,CK2
Troll__Footbal,eltornadooooo,CK2
SlayZeKyriarchy,CelMech,CK2
SlayZeKyriarchy,OhAutsj,CK2
SlayZeKyriarchy,CelMech,CK2
SlayZeKyriarchy,CelMech,CK2
CelMech,SlayZeKyriarchy,CK2
YouTube,Political_Trash,Stellaris
YouTube,midgemangames1,Stellaris
StellarisGame,42istheanswer,Stellaris
YouTube,AdamAstraGames,Stellaris
StellarisGame,p_tttton_ton,Stellaris
YouTube,jokerstream,Stellaris
friskyLeaf,ZeAlieC,Stellaris
HordeBoyRiot_,andreuswolf,Stellaris
YouTube,Dark_Ninja92,Stellaris
steam_games,Lekithos,Stellaris
BarrySkellern,ALWyvern,Stellaris
RobZacny,mikegls,Stellaris
austin_walker,mikegls,Stellaris
Danielleri,mikegls,Stellaris
YouTube,quill18,Stellaris
YouTube,Briarstone_LP,Stellaris
StellarisGame,functionangels,Stellaris
Radeoctua_TTV,TwitchKittens,Stellaris
robgreeneII,kthmccll,Stellaris
HarmonixerLeni,flash14j,Stellaris
a_b_o_x,flash14j,Stellaris
ThrownIntoSol,BootlegGirl,Stellaris
KamikazeeKitten,JustGrifftv,Stellaris
AaronM,bcjbcjbcj,Stellaris
ag_dubs,bcjbcjbcj,Stellaris
vogon,bcjbcjbcj,Stellaris
BlueSpaceCanary,bcjbcjbcj,Stellaris
Glennfinito,twerkrobot,Stellaris
gamingdude134,EstMachina,Stellaris
EstMachina,gamingdude134,Stellaris
StellarisGame,WrtClarke,Stellaris
Surviving_Mars,WrtClarke,Stellaris
StellarisGame,wildrose136,Stellaris
SHM828,boredtuber,Stellaris
YouTube,fargoretro,Stellaris
linuxgamecons,rogue_corq,Stellaris
austin_walker,ossimatic,Stellaris
Popehat,mihtjel,Stellaris
JerryNapleton,mihtjel,Stellaris
AsaTJ,KalidusX,Stellaris
StellarisGame,KalidusX,Stellaris
HOI_Game,KalidusX,Stellaris
StellarisGame,estrategiaespac,Stellaris
TriumphStudios,MorrisTemplaria,Stellaris
Velocikitty,Velocikitty,Stellaris
RochelleK1994,streamunity,Stellaris
LPlateGamer,streamunity,Stellaris
StellarisGame,streamunity,Stellaris
LPlateGamer,RochelleK1994,Stellaris
The_Blood_Claw,Off_RichGames,Stellaris
StellarisGame,CitizenStatic,Stellaris
dracostellaris,AkkrinWraith2,Stellaris
mgattozzi,myrrlyn,Stellaris
StellarisGame,Kapowtee,Stellaris
YouTube,EmirofBabylon,Stellaris
YouTube,Queper_,Stellaris
Infernocanuck,TensuMakadi,Stellaris
popehat,JerryNapleton,Stellaris
DeceptaQuan,WillumpTheYeti,Stellaris
SerShando,Lessthan3team,Stellaris
s8mb,DanielPryorr,EU4
bswud,DanielPryorr,EU4
E_Universalis,neko4elovek,EU4
YouTube,Hufflebuff3,EU4
9GAG,9GAGArea,EU4
9GAG,9GAGArea,EU4
StellarisGame,amelia_lyh97,EU4
supercuntbros,FUragequit,EU4
E_Universalis,Victorian_4Life,EU4
Amandalavan1,keyvanshokooh,EU4
AngelaMer,keyvanshokooh,EU4
Amandalavan1,Ganjinekeyhani,EU4
AngelaMer,Ganjinekeyhani,EU4
RobZacny,MetagameKnight,EU4
AsaTJ,MetagameKnight,EU4
YouTube,LordForwind,EU4
YouTube,Zhatelier,EU4
YouTube,UnboxTheFox,EU4
SDGrave,LeicesterDave,EU4
Martin_Anward,LeicesterDave,EU4
YouTube,Lambert2191,EU4
YouTube,ZalrokChaos,EU4
E_Universalis,5tingr4y,EU4
SirVogelius,Alfray_Stryke,EU4
E_Universalis,Alfray_Stryke,EU4
PierreYDurand,cadarmerah,EU4
BorisJohnson,cadarmerah,EU4
AngelaMerkeICDU,cadarmerah,EU4
EmmanuelMacron,cadarmerah,EU4
PaoloGentiloni,cadarmerah,EU4
angealfa,cadarmerah,EU4
YouTube,Raca_Bros,EU4
KirkMagne,Dall3nn,EU4
E_Universalis,Dall3nn,EU4
YouTube,Lambert2191,EU4
itsNobody56,RealSaintClare,EU4
RealSaintClare,itsNobody56,EU4
itsNobody56,RealSaintClare,EU4
YouTube,LuckyMarineGame,EU4
YouTube,LuckyMarineGame,EU4
Edcrab_,SaddestRobots,CK2
YouTube,meritocracyteam,CK2
YouTube,YonatanMayiman,CK2
YouTube,NGParadox,CK2
falseprofits82,n_suite1,CK2
EFMBacklog,Nanoobz,CK2
EdisonPerry4,Globular_cluste,CK2
CrusaderKings,Globular_cluste,CK2
SDGrave,LeicesterDave,CK2
Martin_Anward,LeicesterDave,CK2
YouTube,AceTheBrave,CK2
GreenBiz,KAL1000,CK2
TerraCycle,KAL1000,CK2
devtesla,vesselofstar,CK2
itsNobody56,RealSaintClare,CK2
itsNobody56,RealSaintClare,CK2
robotviking,lotofsnow,CK2
SamualGreenburg,mikek1_7,CK2
okasion2012,mikek1_7,CK2
mikek1_7,SamualGreenburg,CK2
okasion2012,SamualGreenburg,CK2
okasion2012,mikek1_7,CK2
SamualGreenburg,mikek1_7,CK2
SamualGreenburg,mikek1_7,CK2
okasion2012,mikek1_7,CK2
okasion2012,mikek1_7,CK2
Mobius0ne1,mikek1_7,CK2
mikek1_7,SamualGreenburg,CK2
ComplianceWeek,clairesezer,CK2
CrusaderKings,mistandshadows,CK2
YouTube,Plankicorn,CK2
YouTube,Reveruss,Stellaris
susiemcbeth,P_Fourreni,Stellaris
StellarisGame,Treeasaurus_Rex,Stellaris
ludisluteo,soggyhusky,Stellaris
jokerstream,mrskemojo,Stellaris
StellarisGame,mrskemojo,Stellaris
steam_games,griffingold55,Stellaris
steam_games,CanaldeDSA,Stellaris
longgameshort,ManualRestart,Stellaris
YouTube,Reveruss,Stellaris
GimpyKnee,Barantor,Stellaris
susiemcbeth,AwakeCreaitve,Stellaris
YouTube,fernyfarm,Stellaris
YouTube,Vi6DDarkKing,Stellaris
YouTube,LordForwind,Stellaris
Zero_Nexus_,ollobrains,Stellaris
StellarisGame,ollobrains,Stellaris
StellarisGame,jokerstream,Stellaris
0BurkeBlack0,0verLordRevan,Stellaris
AliceAvizandum,1000tapirs,Stellaris
Herracks,1000tapirs,Stellaris
danielg0ldberg,white_bear_84,Stellaris
PhantomTagGames,jabesmxtv,Stellaris
danielg0ldberg,The_BiosphereX,Stellaris
StellarisGame,wildstorm95,Stellaris
quill18,Rob14287,Stellaris
YouTube,quill18,Stellaris
YouTube,fernyfarm,Stellaris
danielg0ldberg,MorrisTemplaria,Stellaris
Martin_Anward,MJoftheNorth,Stellaris
Slinned,mcwoodenickel,Stellaris
YouTube,Briarstone_LP,Stellaris
StellarisGame,Zervel,Stellaris
steam_games,MorrisTemplaria,Stellaris
PdxInteractive,thepope890,Stellaris
woovitinfo,LeJerque,Stellaris
PdxInteractive,LeJerque,Stellaris
GimpyKnee,daevien,Stellaris
StellarisGame,42istheanswer,Stellaris
steam_games,shawn45673,Stellaris
YouTube,Esorevik,Stellaris
Eexpii,iamyourdoubt,Stellaris
steam_games,ribera1945e,Stellaris
GimpyKnee,coreyjs55,Stellaris
steam_games,Mordaith,Stellaris
ISPuuuv,Dyl4n_C4rlyle,Stellaris
ISPuuuv,BigIcyBalls,Stellaris
susiemcbeth,Joe_Jsoen,Stellaris
MOOMANiBE,WealthyAardvark,Stellaris
coolranchzaku,WealthyAardvark,Stellaris
YouTube,JetR_TV,Stellaris
ludisluteo,dalecc159,Stellaris
danielg0ldberg,rohirrimDAAN,Stellaris
Timetravel_Dev,nairmak_gren,Stellaris
KalScattergood,nairmak_gren,Stellaris
ElysiumGWJ,Demiurge,Stellaris
ElysiumGWJ,ShawnAndrich,Stellaris
steam_games,gameware14,Stellaris
steam_games,Dhokas_Emreis,Stellaris
YouTube,fargoretro,Stellaris
steam_games,boliazul,Stellaris
StellarisGame,HaskaPaska,Stellaris
Danielleri,SnowHawks2,Stellaris
ShroudofAvatar,KareemHarper,Stellaris
AnjelusX,KareemHarper,Stellaris
Fanatical,combatdstar,Stellaris
susiemcbeth,HenryHastit,Stellaris
PierreYDurand,ZarrinBadri,EU4
BorisJohnson,ZarrinBadri,EU4
AngelaMerkeICDU,ZarrinBadri,EU4
EmmanuelMacron,ZarrinBadri,EU4
PaoloGentiloni,ZarrinBadri,EU4
angealfa,ZarrinBadri,EU4
Steam_Support,MesutGeduk,EU4
PDX_Dev_Studio,THansbury,EU4
E_Universalis,pelli300,EU4
YouTube,Hufflebuff3,EU4
E_Universalis,Foudroyant,EU4
YouTube,Warsofthe1500s,EU4
YouTube,Zhatelier,EU4
YouTube,Lambert2191,EU4
YouTube,LordForwind,EU4
producerjohan,FMortheim,EU4
Martin_Anward,FMortheim,EU4
YouTube,Hufflebuff3,EU4
YouTube,ThoughtfulGamin,EU4
YouTube,QuarbitGaming,EU4
YouTube,Lambert2191,EU4
producerjohan,MetagameKnight,EU4
Martin_Anward,MetagameKnight,EU4
YouTube,LuckyMarineGame,EU4
YouTube,LuckyMarineGame,EU4
YouTube,ZalrokChaos,EU4
CrusaderKings,FMortheim,EU4
Amandalavan1,ZakkaOmar,EU4
AngelaMer,ZakkaOmar,EU4
CrusaderKings,amelia_lyh97,EU4
Taureor,JoshMetcalfe,EU4
YouTube,LuckyMarineGame,EU4
YouTube,LuckyMarineGame,EU4
YouTube,LuckyMarineGame,EU4
YouTube,Hufflebuff3,EU4
kawaiitoc,Ikuconodule,EU4
TerraCycle,GreenBiz,CK2
YouTube,IzixsLP,CK2
YouTube,NGParadox,CK2
E_Universalis,rmaedhis,CK2
YouTube,meritocracyteam,CK2
YouTube,Enigmaticrose4,CK2
EarthAccounting,NewForestSussed,CK2
GreenBiz,NewForestSussed,CK2
EarthAccounting,Lawlor224,CK2
GreenBiz,Lawlor224,CK2
EarthAccounting,Taimur_T_Malik,CK2
GreenBiz,Taimur_T_Malik,CK2
GreenBiz,EarthAccounting,CK2
CrusaderKings,Globular_cluste,CK2
CrusaderKings,Alfray_Stryke,CK2
alexiskennedy,Alfray_Stryke,CK2
GalDrimer,MichalPoletek,CK2
midgemangames1,MichalPoletek,CK2
abowloftastyrmn,MichalPoletek,CK2
CrusaderKings,MichalPoletek,CK2
PdxInteractive,MichalPoletek,CK2
CrusaderKings,midgemangames1,CK2
Gworkag,An_ca_te,CK2
An_ca_te,Gworkag,CK2
EFMBacklog,VikingOfScience,CK2
producerjohan,MetagameKnight,CK2
Martin_Anward,MetagameKnight,CK2
GreenBiz,m_v_22,CK2
CrusaderKings,FMortheim,CK2
CrusaderKings,realAJAndersen,CK2
DaveMilbo,Aldowyn,CK2
Tashdacat,DouglasBaconTV,Stellaris
YouTube,ScarecrowGamin1,Stellaris
YouTube,CurmudgeonsRule,Stellaris
YouTube,KMAsKorner,Stellaris
YouTube,shortSTOMP0,Stellaris
YouTube,midgemangames1,Stellaris
draginol,Sekhmes,Stellaris
Martin_Anward,Pikeman3366,Stellaris
Surviving_Mars,Inter_Stellaris,Stellaris
Colin7676,panzernator,Stellaris
WSC_Discord,MorrisTemplaria,Stellaris
Martin_Anward,daftpunkliker,Stellaris
Sona_Sonara,avi_doge,Stellaris
EctoSage,_Korinth_,Stellaris
PdxInteractive,xBolivarx_Boli,Stellaris
quill18,K5Rto,Stellaris
YouTube,K5Rto,Stellaris
YouTube,quill18,Stellaris
YouTube,Briarstone_LP,Stellaris
WSC_Discord,JonDunham,Stellaris
JonDunham,WSC_Discord,Stellaris
Aldowyn,Aulayan,Stellaris
mathiashauk,Aulayan,Stellaris
StellarisGame,Isurloveanimex3,Stellaris
YouTube,HyperSpearMan,Stellaris
AlwaysAgnew,L_Aitken,Stellaris
taylor_janicek,Tunnelman,Stellaris
StellarisGame,PrincessitySC2,Stellaris
TheJennJam,Under_GER,Stellaris
StellarisBeyond,StellarisGame,Stellaris
taylor_janicek,BigMaki,Stellaris
YouTube,EnterElysium,Stellaris
YouTube,Aeolusdallas,Stellaris
ManyATrueNerd,stevofeardo1970,Stellaris
Outcast417,StellarisGame,Stellaris
YouTube,DamianAntkowiak,Stellaris
StellarisGame,HadrianLP,Stellaris
StellarisGame,VaypahGaming,Stellaris
StellarisGame,Depricher,Stellaris
Martin_Anward,Treeasaurus_Rex,Stellaris
StellarisGame,Treeasaurus_Rex,Stellaris
PrincessitySC2,StellarisGame,Stellaris
YouTube,reynoldsnickj,Stellaris
YouTube,Nagidal,Stellaris
IanBarcomb,StellarisGame,Stellaris
Martin_Anward,StellarisGame,Stellaris
StellarisGame,Frazzz101,Stellaris
StellarisGame,phimseto,Stellaris
StellarisGame,phimseto,Stellaris
Aeolusdallas,gikbot,Stellaris
YouTube,gikbot,Stellaris
okasion2012,StellarisGame,Stellaris
shanelowe7,StellarisGame,Stellaris
YouTube,Aeolusdallas,Stellaris
GuloThoughts,sophiacooke,Stellaris
RSPBMinsmere,sophiacooke,Stellaris
sophiacooke,sophiacooke,Stellaris
Whitemountain_G,StellarisGame,Stellaris
YouTube,quill18,Stellaris
Briarstone_LP,Essentia_Modica,Stellaris
Biffa2001,hermitcraft_,Stellaris
Stellaris,MemeMachineDrgn,Stellaris
YouTube,Meswannjr,Stellaris
ZombieCleo,TheSorrowExists,Stellaris
YouTube,TheSorrowExists,Stellaris
StellarisGame,Maximmillius,Stellaris
ZombieCleo,hermitcraft_,Stellaris
tv_neato,LordLicorice,Stellaris
YouTube,ZombieCleo,Stellaris
Martin_Anward,MateusMat,Stellaris
draginol,Neronix17,Stellaris
waywardstrategy,Neronix17,Stellaris
YouTube,RoshuGaming,Stellaris
StellarisGame,HadrianLP,Stellaris
WSC_Discord,Siglamii,Stellaris
ManyATrueNerd,ElizabethGame23,Stellaris
ManyATrueNerd,Stewinators,Stellaris
TheKoolEagle,WSC_Discord,Stellaris
TheKoolEagle,zimisss,Stellaris
ManyATrueNerd,ManthanMachine,Stellaris
Victoria2game,theRealGSN,Victoria2game
AWild_Abra,RoboSky_,EU4
YouTube,AltRoen7,EU4
AllanSchumacher,grylxndr,EU4
grylxndr,AllanSchumacher,EU4
YouTube,Gocha19980605,EU4
MageRheon,RKade8583,EU4
WarhorseStudios,RKade8583,EU4
pcgamer,RKade8583,EU4
RoninJZC,AJMonarchY,EU4
YouTube,HaveJoystick,EU4
PierreYDurand,leila_erfan,EU4
BorisJohnson,leila_erfan,EU4
AngelaMerkeICDU,leila_erfan,EU4
EmmanuelMacron,leila_erfan,EU4
PaoloGentiloni,leila_erfan,EU4
angealfa,leila_erfan,EU4
PierreYDurand,Khansary5,EU4
BorisJohnson,Khansary5,EU4
AngelaMerkeICDU,Khansary5,EU4
EmmanuelMacron,Khansary5,EU4
PaoloGentiloni,Khansary5,EU4
angealfa,Khansary5,EU4
UnrealEngine,Predator42021,EU4
EpicGames,Predator42021,EU4
YouTube,Hufflebuff3,EU4
FortniteGame,Predator42021,EU4
PierreYDurand,FrancesBurley1,EU4
BorisJohnson,FrancesBurley1,EU4
AngelaMerkeICDU,FrancesBurley1,EU4
EmmanuelMacron,FrancesBurley1,EU4
PaoloGentiloni,FrancesBurley1,EU4
angealfa,FrancesBurley1,EU4
PierreYDurand,darush500,EU4
BorisJohnson,darush500,EU4
AngelaMerkeICDU,darush500,EU4
EmmanuelMacron,darush500,EU4
PaoloGentiloni,darush500,EU4
angealfa,darush500,EU4
PierreYDurand,FRahro,EU4
BorisJohnson,FRahro,EU4
AngelaMerkeICDU,FRahro,EU4
EmmanuelMacron,FRahro,EU4
PaoloGentiloni,FRahro,EU4
angealfa,FRahro,EU4
PierreYDurand,hfart562,EU4
BorisJohnson,hfart562,EU4
AngelaMerkeICDU,hfart562,EU4
EmmanuelMacron,hfart562,EU4
PaoloGentiloni,hfart562,EU4
angealfa,hfart562,EU4
YouTube,thesnooper47,EU4
UnrealEngine,MouroutisSpyros,EU4
PolyarcGames,MouroutisSpyros,EU4
PlayStation,MouroutisSpyros,EU4
VioletZer0,fovlsbane,EU4
YouTube,Zhatelier,EU4
PierreYDurand,Jayngelle,EU4
BorisJohnson,Jayngelle,EU4
AngelaMerkeICDU,Jayngelle,EU4
EmmanuelMacron,Jayngelle,EU4
PaoloGentiloni,Jayngelle,EU4
angealfa,Jayngelle,EU4
E_Universalis,Lord_SAS,EU4
YouTube,Lambert2191,EU4
E_Universalis,PDX_Dev_Studio,EU4
PierreYDurand,GareebFiDari,EU4
BorisJohnson,GareebFiDari,EU4
AngelaMerkeICDU,GareebFiDari,EU4
EmmanuelMacron,GareebFiDari,EU4
PaoloGentiloni,GareebFiDari,EU4
angealfa,GareebFiDari,EU4
PierreYDurand,nazan_taheri,EU4
BorisJohnson,nazan_taheri,EU4
AngelaMerkeICDU,nazan_taheri,EU4
EmmanuelMacron,nazan_taheri,EU4
PaoloGentiloni,nazan_taheri,EU4
angealfa,nazan_taheri,EU4
E_Universalis,Benoit58744014,EU4
YouTube,LordForwind,EU4
YouTube,LuckyMarineGame,EU4
YouTube,LuckyMarineGame,EU4
YouTube,theinoobproject,EU4
Amandalavan1,Me_AYS,EU4
AngelaMer,Me_AYS,EU4
andrewdamitio,scantor15,EU4
YouTube,ZalrokChaos,EU4
jonathanbasnett,s8mb,EU4
E_Universalis,HeavenOnTwitch,EU4
E_Universalis,rohirrimDAAN,EU4
YouTube,EnderSoul77,EU4
YouTube,Lambert2191,EU4
andrewdamitio,RedDirtSport,EU4
andrewdamitio,DIorioNathaniel,EU4
PierreYDurand,saiedhalgheh,EU4
BorisJohnson,saiedhalgheh,EU4
AngelaMerkeICDU,saiedhalgheh,EU4
EmmanuelMacron,saiedhalgheh,EU4
PaoloGentiloni,saiedhalgheh,EU4
angealfa,saiedhalgheh,EU4
zehmas,ZynahOG,EU4
TohsakaRinner,HoesamaBinLaden,EU4
NarchoVig,HoesamaBinLaden,EU4
parafrontas,HoesamaBinLaden,EU4
Hentail_,GriffEatOrange,EU4
rebased_negi,trapsaregaylol,EU4
weeetus,trapsaregaylol,EU4
YouTube,LuckyMarineGame,EU4
FortniteGame,dog_fart_ooi,EU4
ManyATrueNerd,CanBacon22,EU4
Alexander_Ftl,Mobius0ne1,EU4
Mobius0ne1,Alexander_Ftl,EU4
Alexander_Ftl,Mobius0ne1,EU4
Mobius0ne1,Alexander_Ftl,EU4
tankigraci,UnculusFunkulus,EU4
Mobius0ne1,Alexander_Ftl,EU4
grylxndr,AllanSchumacher,CK2
AllanSchumacher,grylxndr,CK2
grylxndr,AllanSchumacher,CK2
delusionalcons,ladyattis,CK2
tombomp,sommepo,CK2
IzixsLP,matrioshkadog,CK2
YouTube,matrioshkadog,CK2
YouTube,IzixsLP,CK2
MageRheon,RKade8583,CK2
WarhorseStudios,RKade8583,CK2
pcgamer,RKade8583,CK2
YouTube,meritocracyteam,CK2
YouTube,NGParadox,CK2
CrusaderKings,NunoFgl,CK2
GreenBiz,tomramakechange,CK2
CrusaderKings,sheehanmilesk,CK2
CrusaderKings,sheehanmilesk,CK2
DaVidciCode_,StellarisGame,CK2
CrusaderKings,StellarisGame,CK2
ecowulff,joelsolomon,CK2
TerraCycle,joelsolomon,CK2
GreenBiz,joelsolomon,CK2
RobZacny,Lucifunk77,CK2
GreenBiz,schellhor,CK2
ecowulff,ReneeVoiceBrand,CK2
TerraCycle,ReneeVoiceBrand,CK2
GreenBiz,ReneeVoiceBrand,CK2
ecowulff,csrcounts,CK2
TerraCycle,csrcounts,CK2
GreenBiz,csrcounts,CK2
TerraCycle,ecowulff,CK2
GreenBiz,ecowulff,CK2
CrusaderKings,japms,CK2
CrusaderKings,MichalPoletek,CK2
CrusaderKings,MickKeenan,CK2
YouTube,stream_heroes,CK2
corpsehands,thatshapeami,CK2
Fatherlorris,Davarice,CK2
CK2Benchmarks,RowanKaiser,CK2
RowanKaiser,CK2Benchmarks,CK2
stibbons,NforNihilism,CK2
Mobius0ne1,Alexander_Ftl,CK2
glassbottommeg,fixverified,Stellaris
YouTube,Reveruss,Stellaris
YouTube,baldurprime,Stellaris
TheKoolEagle,WSC_Discord,Stellaris
white_bear_84,MorrisTemplaria,Stellaris
Mordaith,MorrisTemplaria,Stellaris
white_bear_84,Mordaith,Stellaris
Mordaith,Mordaith,Stellaris
YouTube,Reveruss,Stellaris
YouTube,TheManiacGam3r,Stellaris
YouTube,thesnooper47,Stellaris
HadrianLP,nuttygamer,Stellaris
Mordaith,white_bear_84,Stellaris
TheKoolEagle,white_bear_84,Stellaris
YouTube,Briarstone_LP,Stellaris
ByYourLogic,lAjWoodl,Stellaris
shuker123,JLawrenceShuker,Stellaris
A_Spec,ADTurelus,Stellaris
YouTube,ADTurelus,Stellaris
PyrionFlax,DemogorgonWhite,Stellaris
YouTube,ellaina_parker,Stellaris
slimerobots,lupusapocrypha,Stellaris
Soggaz,SGH_RTs,Stellaris
Soggaz,chellsaaay,Stellaris
Danielleri,TenCentCoast,Stellaris
A_Spec,DandrMelfort,Stellaris
YouTube,DandrMelfort,Stellaris
StellarisGame,VoidThaumaturge,Stellaris
RomSteady,fadetofunk,Stellaris
StellarisGame,MemeMachineDrgn,Stellaris
TAAPCassie,Abel_Toy,Stellaris
YouTube,CapeOfSuperman,Stellaris
sire_mittens,StellarisBeyond,Stellaris
StellarisGame,StellarisBeyond,Stellaris
YouTube,crazymammoth,Stellaris
YouTube,EthalartheAndy,Stellaris
YouTube,RUltimateTobi,Stellaris
MorrisTemplaria,Mordaith,Stellaris
YouTube,EthalartheAndy,Stellaris
StellarisGame,Aaronflint1,Stellaris
A_Spec,HorathDrak,Stellaris
YouTube,HorathDrak,Stellaris
hankgreen,Steamrun1,Stellaris
AppleVacations,jifatravel,Stellaris
arubamarriott,jifatravel,Stellaris
Martin_Anward,remote_orb,Stellaris
StellarisGame,thepigletsquid,Stellaris
ManyATrueNerd,GamingLich,Stellaris
YouTube,EnterElysium,Stellaris
YouTube,A_Spec,Stellaris
YouTube,ellaina_parker,Stellaris
StellarisGame,Mordaith,Stellaris
WSC_Discord,Mordaith,Stellaris
YouTube,HorathDrak,Stellaris
DJTruthsayer,chchchelsea_LoL,Stellaris
YouTube,panzernator,Stellaris
Soggaz,TTurtles_RTs,Stellaris
TTurtles_RTs,TTurtles_RTs,Stellaris
SGH_RTs,TTurtles_RTs,Stellaris
Soggaz,SGH_RTs,Stellaris
TTurtles_RTs,SGH_RTs,Stellaris
SGH_RTs,SGH_RTs,Stellaris
grylxndr,LevelTwoRogue,Stellaris
Aldowyn,LevelTwoRogue,Stellaris
YouTube,GarcRivas,Stellaris
PdxInteractive,HelbosWelt,Stellaris
StellarisGame,HadrianLP,Stellaris
grylxndr,Aldowyn,Stellaris
YouTube,shortSTOMP0,Stellaris
YouTube,XVI_ResistancE,Stellaris
YouTube,shortSTOMP0,Stellaris
YouTube,AuldDragon,Stellaris
YouTube,Nagidal,Stellaris
GamingFTL,zimisss,Stellaris
GamingFTL,ForeverStarlyn,Stellaris
StellarisGame,ClumsyTurtle1,Stellaris
StellarisGame,J_Silence,Stellaris
YouTube,DamianAntkowiak,Stellaris
Yeeager,kivothe,Stellaris
YouTube,Avionauta,Stellaris
Alexander_Ftl,Mobius0ne1,EU4
PierreYDurand,behnaz_amirniya,EU4
BorisJohnson,behnaz_amirniya,EU4
AngelaMerkeICDU,behnaz_amirniya,EU4
EmmanuelMacron,behnaz_amirniya,EU4
PaoloGentiloni,behnaz_amirniya,EU4
angealfa,behnaz_amirniya,EU4
McMarvv,PopeWokimusXV,EU4
PopeWokimusXV,McMarvv,EU4
PierreYDurand,roshanak7777,EU4
BorisJohnson,roshanak7777,EU4
AngelaMerkeICDU,roshanak7777,EU4
EmmanuelMacron,roshanak7777,EU4
PaoloGentiloni,roshanak7777,EU4
angealfa,roshanak7777,EU4
adrwtp,bswud,EU4
YouTube,LuckyMarineGame,EU4
YouTube,LuckyMarineGame,EU4
EnviousEra,Crahys1,EU4
YouTube,Lambert2191,EU4
sleepyanon,siestamk2,EU4
YouTube,Zhatelier,EU4
DEEplorableinWV,donnnie,EU4
ritter_reiter,Frozen_Svarog,EU4
lanleonine,Frozen_Svarog,EU4
NuclearTakes,Frozen_Svarog,EU4
Martin_Anward,Jorlem25,EU4
StellarisGame,Jorlem25,EU4
YouTube,Zhatelier,EU4
PdxInteractive,Ezterion,EU4
CrusaderKings,Ezterion,EU4
PdxInteractive,TheThyregod,EU4
steam_games,TheThyregod,EU4
PdxInteractive,rstegeman7,EU4
CrusaderKings,rstegeman7,EU4
PdxInteractive,Schnitzelschale,EU4
CrusaderKings,Schnitzelschale,EU4
PierreYDurand,securityblind,EU4
BorisJohnson,securityblind,EU4
AngelaMerkeICDU,securityblind,EU4
EmmanuelMacron,securityblind,EU4
PaoloGentiloni,securityblind,EU4
angealfa,securityblind,EU4
PierreYDurand,Ayla_behsam,EU4
BorisJohnson,Ayla_behsam,EU4
AngelaMerkeICDU,Ayla_behsam,EU4
EmmanuelMacron,Ayla_behsam,EU4
PaoloGentiloni,Ayla_behsam,EU4
angealfa,Ayla_behsam,EU4
YouTube,Lambert2191,EU4
YouTube,Warsofthe1500s,EU4
PierreYDurand,Ganjinekeyhani,EU4
BorisJohnson,Ganjinekeyhani,EU4
AngelaMerkeICDU,Ganjinekeyhani,EU4
EmmanuelMacron,Ganjinekeyhani,EU4
PaoloGentiloni,Ganjinekeyhani,EU4
angealfa,Ganjinekeyhani,EU4
PierreYDurand,Me_AYS,EU4
BorisJohnson,Me_AYS,EU4
AngelaMerkeICDU,Me_AYS,EU4
EmmanuelMacron,Me_AYS,EU4
PaoloGentiloni,Me_AYS,EU4
angealfa,Me_AYS,EU4
s8mb,btharris93,EU4
YouTube,ZalrokChaos,EU4
YouTube,LordForwind,EU4
YouTube,ThoughtfulGamin,EU4
PierreYDurand,HerryRodin,EU4
BorisJohnson,HerryRodin,EU4
AngelaMerkeICDU,HerryRodin,EU4
EmmanuelMacron,HerryRodin,EU4
PaoloGentiloni,HerryRodin,EU4
angealfa,HerryRodin,EU4
MurderousOtter,leadarlappen,EU4
Crobeam,leadarlappen,EU4
leadarlappen,MurderousOtter,EU4
Crobeam,MurderousOtter,EU4
MurderousOtter,leadarlappen,EU4
Crobeam,leadarlappen,EU4
leadarlappen,MurderousOtter,EU4
Crobeam,MurderousOtter,EU4
Crobeam,leadarlappen,EU4
YouTube,Lambert2191,EU4
PdxInteractive,ZeAuze,EU4
FortniteGame,MouroutisSpyros,EU4
VoluntaristWeeb,LagiaKouhai,EU4
Amandalavan1,rk70534,EU4
AngelaMer,rk70534,EU4
PierreYDurand,KlassmannAngela,EU4
BorisJohnson,KlassmannAngela,EU4
AngelaMerkeICDU,KlassmannAngela,EU4
EmmanuelMacron,KlassmannAngela,EU4
PaoloGentiloni,KlassmannAngela,EU4
angealfa,KlassmannAngela,EU4
Amandalavan1,KlassmannAngela,EU4
AngelaMer,KlassmannAngela,EU4
EnviousEra,12elveRTs,EU4
SuspectNutria,RSG_Retweet,EU4
YouTube,ZalrokChaos,EU4
PierreYDurand,Saeidkh12,EU4
BorisJohnson,Saeidkh12,EU4
AngelaMerkeICDU,Saeidkh12,EU4
EmmanuelMacron,Saeidkh12,EU4
PaoloGentiloni,Saeidkh12,EU4
angealfa,Saeidkh12,EU4
SamualGreenburg,Woah_or_Whoa,EU4
mikek1_7,Alexander_Ftl,EU4
SamualGreenburg,Alexander_Ftl,EU4
YouTube,SupremeSethTC,EU4
Aledog1,severewxeddie,EU4
CrusaderKings,Matex600,CK2
jlhcorley,thedapperdiner,CK2
smugumin,NewDebiru,CK2
PopeWokimusXV,McMarvv,CK2
_athol_,midgemangames1,CK2
cpMetis,midgemangames1,CK2
ISPuuuv,midgemangames1,CK2
PdxInteractive,fobu123,CK2
CrusaderKings,fobu123,CK2
SamualGreenburg,mikek1_7,CK2
BSolo86,OfficialAngus,CK2
SGTShotYou,OfficialAngus,CK2
PdxInteractive,ohgodscrewthis,CK2
patcoet,ohgodscrewthis,CK2
CrusaderKings,ohgodscrewthis,CK2
PdxInteractive,OliverHulesch,CK2
CrusaderKings,OliverHulesch,CK2
StellarisGame,OliverHulesch,CK2
YouTube,meritocracyteam,CK2
PdxInteractive,PatHadd,CK2
FrenchFritz,PatHadd,CK2
CrusaderKings,PatHadd,CK2
russellcohn1,JasonCheathawks,CK2
weedlewobble,JasonCheathawks,CK2
CrusaderKings,momintern,CK2
CrusaderKings,HeavenOnTwitch,CK2
PdxInteractive,Metalhead9806,CK2
CrusaderKings,Metalhead9806,CK2
PdxInteractive,rstegeman7,CK2
CrusaderKings,rstegeman7,CK2
Irarnef,RMillerWriting,CK2
CrusaderKings,RMillerWriting,CK2
Irarnef,RMillerWriting,CK2
CrusaderKings,RMillerWriting,CK2
GreenBiz,biofriendlyblog,CK2
CrusaderKings,ARMcKiddy,CK2
CrusaderKings,TroyGoodfellow,CK2
YouTube,Kleacim,CK2
MurderousOtter,leadarlappen,CK2
Crobeam,leadarlappen,CK2
mpollaud,Illustrious8,CK2
AdmiralPiplup,roastednugget,CK2
corpsehands,text_quest,CK2
cutefascistneko,mikek1_7,CK2
quill18,Essentia_Modica,CK2
Briarstone_LP,Essentia_Modica,CK2
aKiss4Luck,Essentia_Modica,CK2
YouTube,Tokryva,Stellaris
StellarisGame,white_bear_84,Stellaris
YouTube,LoydH4th,Stellaris
DisneyFangal,WSC_Discord,Stellaris
A_Spec,JoeBeltano,Stellaris
YouTube,JoeBeltano,Stellaris
YouTube,CurmudgeonsRule,Stellaris
Budluvva,DadsGmgAddction,Stellaris
YouTube,DadsGmgAddction,Stellaris
StellarisGame,PichuTrainer,Stellaris
YouTube,ZyronnYT,Stellaris
YouTube,RoshuGaming,Stellaris
Rhev,BoredValk,Stellaris
pftmcommunity,BoredValk,Stellaris
TheProperNerds,BoredValk,Stellaris
MathasGames,SoullessZealot,Stellaris
YouTube,LivelyPhilGamin,Stellaris
YouTube,panzernator,Stellaris
WSC_Discord,MorrisTemplaria,Stellaris
PdxInteractive,EmirofBabylon,Stellaris
CaptainNeuro,_Korinth_,Stellaris
StellarisGame,RoshuGaming,Stellaris
YouTube,Elerrion,Stellaris
YouTube,Benjamin_Magnus,Stellaris
streamership,wii_282,Stellaris
Zaidchamp8,WSC_Discord,Stellaris
Zaidchamp8,Mordaith,Stellaris
ManyATrueNerd,UnitRico,Stellaris
ManyATrueNerd,ElizabethGame23,Stellaris
sire_mittens,BluJBird,Stellaris
StellarisGame,BluJBird,Stellaris
NichBoy,BeerGutBarry,Stellaris
sire_mittens,white_bear_84,Stellaris
StellarisGame,white_bear_84,Stellaris
YouTube,Nagidal,Stellaris
YouTube,divalir,Stellaris
Biffa2001,TheSorrowExists,Stellaris
YouTube,TheSorrowExists,Stellaris
YouTube,logic_mage,Stellaris
ShitpostLuka,Pavelovsk,Stellaris
A_Spec,DandrMelfort,Stellaris
YouTube,DandrMelfort,Stellaris
YouTube,Aldrahill,Stellaris
YouTube,Aldrahill,Stellaris
YouTube,panzernator,Stellaris
YouTube,Meswannjr,Stellaris
YouTube,Aldrahill,Stellaris
YouTube,FallenAngelXy,Stellaris
Yeeager,Ponko2Girlish,Stellaris
Biffa2001,hermitcraft_,Stellaris
YouTube,ZalrokChaos,Stellaris
EnterElysium,Biffa2001,Stellaris
StellarisGame,Biffa2001,Stellaris
YouTube,Biffa2001,Stellaris
sire_mittens,ollobrains,Stellaris
StellarisGame,ollobrains,Stellaris
YouTube,Biffa2001,Stellaris
ElysiumGWJ,RobC04,Stellaris
ShawnAndrich,RobC04,Stellaris
Yeeager,perfectsIumbers,Stellaris
YouTube,Markoni1100,Stellaris
YouTube,EnterElysium,Stellaris
PurrRika,EliteBeardedTV,Stellaris
StellarisGame,alansergal,Stellaris
MathasGames,Dnote_Z5,Stellaris
YouTube,Dnote_Z5,Stellaris
StellarisGame,PlasticMohawk,Stellaris
PDSObidobi,PlasticMohawk,Stellaris
Martin_Anward,PlasticMohawk,Stellaris
KimberlyStinson,PlasticMohawk,Stellaris
PdxInteractive,PlasticMohawk,Stellaris
Stellaris,PlasticMohawk,Stellaris
YouTube,CapeOfSuperman,Stellaris
A_Spec,ADTurelus,Stellaris
YouTube,ADTurelus,Stellaris
YouTube,A_Spec,Stellaris
YouTube,MathasGames,Stellaris
YouTube,panzernator,Stellaris
NormieName,StellarisGame,Stellaris
StellarisGame,MrTogatsu,Stellaris
StellarisGame,MorrisTemplaria,Stellaris
YouTube,DamianAntkowiak,Stellaris
TheWesterFront,MorrisTemplaria,Stellaris
StellarisGame,NormieName,Stellaris
sire_mittens,Draden666401651,Stellaris
StellarisGame,Draden666401651,Stellaris
PDX_Dev_Studio,WilliamMestreeh,Victoria2game
okasion2012,WilliamMestreeh,Victoria2game
Victoria2game,WilliamMestreeh,Victoria2game
okasion2012,PDX_Dev_Studio,Victoria2game
Victoria2game,PDX_Dev_Studio,Victoria2game
ChristianMingel,camdbowles,EU4
rusthackreport,joshwood25,EU4
EnviousCameron,InvadePrysM,EU4
KohakuFanatic,sugurinyan,EU4
sugurinyan,KohakuFanatic,EU4
YouTube,S0cialStreamers,EU4
Amandalavan1,Leonardodawien,EU4
AngelaMer,Leonardodawien,EU4
YouTube,Gocha19980605,EU4
YouTube,Gocha19980605,EU4
EnviousCameron,EnviousCameron,EU4
kawaiitoc,olCoffer,EU4
TerrenceJBean,MasterJask,EU4
MrBean_irl,MasterJask,EU4
Harris_Houghton,MasterJask,EU4
Ciancoolkid12,MasterJask,EU4
HomeOfficeRLX,MasterJask,EU4
adrianplinius,MasterJask,EU4
cutefascistneko,VoluntaristWeeb,EU4
DDaryien,VisageZahvs,EU4
EnviousCameron,VisageZahvs,EU4
ldolKiba,VisageZahvs,EU4
niggerz,VisageZahvs,EU4
aspectdylan,VisageZahvs,EU4
Amandalavan1,FRahro,EU4
AngelaMer,FRahro,EU4
PierreYDurand,KarenBa10864733,EU4
BorisJohnson,KarenBa10864733,EU4
AngelaMerkeICDU,KarenBa10864733,EU4
EmmanuelMacron,KarenBa10864733,EU4
PaoloGentiloni,KarenBa10864733,EU4
angealfa,KarenBa10864733,EU4
Pelshoff,flijten,EU4
JoostdeLocht,flijten,EU4
RodideBoer,flijten,EU4
YouTube,Lambert2191,EU4
PierreYDurand,LiLi_Leila66,EU4
BorisJohnson,LiLi_Leila66,EU4
AngelaMerkeICDU,LiLi_Leila66,EU4
EmmanuelMacron,LiLi_Leila66,EU4
PaoloGentiloni,LiLi_Leila66,EU4
angealfa,LiLi_Leila66,EU4
YouTube,Hufflebuff3,EU4
Amandalavan1,LiLi_Leila66,EU4
AngelaMer,LiLi_Leila66,EU4
Amandalavan1,Mahbobe6,EU4
AngelaMer,Mahbobe6,EU4
YouTube,TheHatGuy2,EU4
YouTube,Zhatelier,EU4
Omegaknuckles,Hima_enthusiast,EU4
Ciancoolkid12,MasterJask,EU4
Harris_Houghton,MasterJask,EU4
HomeOfficeRLX,MasterJask,EU4
YouTube,Lambert2191,EU4
PierreYDurand,MaryGriffin28,EU4
BorisJohnson,MaryGriffin28,EU4
AngelaMerkeICDU,MaryGriffin28,EU4
EmmanuelMacron,MaryGriffin28,EU4
PaoloGentiloni,MaryGriffin28,EU4
angealfa,MaryGriffin28,EU4
PierreYDurand,scheerenberger,EU4
BorisJohnson,scheerenberger,EU4
AngelaMerkeICDU,scheerenberger,EU4
EmmanuelMacron,scheerenberger,EU4
PaoloGentiloni,scheerenberger,EU4
angealfa,scheerenberger,EU4
PierreYDurand,rk70534,EU4
BorisJohnson,rk70534,EU4
AngelaMerkeICDU,rk70534,EU4
EmmanuelMacron,rk70534,EU4
PaoloGentiloni,rk70534,EU4
angealfa,rk70534,EU4
PierreYDurand,FaridehTavasso1,EU4
BorisJohnson,FaridehTavasso1,EU4
AngelaMerkeICDU,FaridehTavasso1,EU4
EmmanuelMacron,FaridehTavasso1,EU4
PaoloGentiloni,FaridehTavasso1,EU4
angealfa,FaridehTavasso1,EU4
FinishLine,FergusonQuis007,EU4
Nike,FergusonQuis007,EU4
Amandalavan1,Direitos_Civis,EU4
AngelaMer,Direitos_Civis,EU4
Amandalavan1,FaridehTavasso1,EU4
AngelaMer,FaridehTavasso1,EU4
Amandalavan1,ex2Tory,EU4
AngelaMer,ex2Tory,EU4
PierreYDurand,tondkar,EU4
BorisJohnson,tondkar,EU4
AngelaMerkeICDU,tondkar,EU4
EmmanuelMacron,tondkar,EU4
PaoloGentiloni,tondkar,EU4
angealfa,tondkar,EU4
Amandalavan1,tondkar,EU4
AngelaMer,tondkar,EU4
FinishLine,chapin0512,EU4
Nike,chapin0512,EU4
YouTube,LordForwind,EU4
YouTube,ZalrokChaos,EU4
YouTube,ThoughtfulGamin,EU4
FinishLine,LaronFree,EU4
Nike,LaronFree,EU4
Amandalavan1,KarenBa10864733,EU4
AngelaMer,KarenBa10864733,EU4
EnviousCameron,J3TP4C,EU4
Amandalavan1,katestratton3,EU4
AngelaMer,katestratton3,EU4
Amandalavan1,PierreYDurand,EU4
AngelaMer,PierreYDurand,EU4
littleriverband,50years_music,EU4
GameGabster,BatchelorVin,EU4
Amandalavan1,scheerenberger,EU4
AngelaMer,scheerenberger,EU4
Amandalavan1,daithideroishte,EU4
AngelaMer,daithideroishte,EU4
Amandalavan1,OmNico72,EU4
AngelaMer,OmNico72,EU4
DeanzM1,NoteSej,EU4
PierreYDurand,skyblue_England,EU4
BorisJohnson,skyblue_England,EU4
AngelaMerkeICDU,skyblue_England,EU4
EmmanuelMacron,skyblue_England,EU4
PaoloGentiloni,skyblue_England,EU4
angealfa,skyblue_England,EU4
PierreYDurand,Amandalavan1,EU4
BorisJohnson,Amandalavan1,EU4
AngelaMerkeICDU,Amandalavan1,EU4
EmmanuelMacron,Amandalavan1,EU4
PaoloGentiloni,Amandalavan1,EU4
angealfa,Amandalavan1,EU4
PierreYDurand,MarjanFa1,EU4
BorisJohnson,MarjanFa1,EU4
AngelaMerkeICDU,MarjanFa1,EU4
EmmanuelMacron,MarjanFa1,EU4
PaoloGentiloni,MarjanFa1,EU4
angealfa,MarjanFa1,EU4
PierreYDurand,Marji264,EU4
BorisJohnson,Marji264,EU4
AngelaMerkeICDU,Marji264,EU4
EmmanuelMacron,Marji264,EU4
PaoloGentiloni,Marji264,EU4
angealfa,Marji264,EU4
BorisJohnson,PierreYDurand,EU4
AngelaMerkeICDU,PierreYDurand,EU4
EmmanuelMacron,PierreYDurand,EU4
PaoloGentiloni,PierreYDurand,EU4
angealfa,PierreYDurand,EU4
YouTube,robinteus2,EU4
YouTube,robinteus2,EU4
FinishLine,swan4587,EU4
Nike,swan4587,EU4
YouTube,LuckyMarineGame,EU4
YouTube,LuckyMarineGame,EU4
FinishLine,ElleryQ1977,EU4
Nike,ElleryQ1977,EU4
YouTube,Lambert2191,EU4
EnviousCameron,_Rustyyv,EU4
HVNVENZH,PcNick3,EU4
EnviousEra,Dezastorous,EU4
FinishLine,Spaniishcurlz,EU4
Nike,Spaniishcurlz,EU4
YouTube,LuckyMarineGame,EU4
YouTube,LuckyMarineGame,EU4
EnvyZema,EnviousChemist,EU4
EnvyZema,HvnTrixzy,EU4
EnvyZema,artistrylvcazz,EU4
EnviousEra,Unknown_Pulse,EU4
FinishLine,Rahbee702,EU4
Nike,Rahbee702,EU4
untrueneutral,bfkelleher,EU4
generalslug,bfkelleher,EU4
theindigi,bfkelleher,EU4
SkeptiKhatt,bfkelleher,EU4
bfkelleher,untrueneutral,EU4
generalslug,untrueneutral,EU4
theindigi,untrueneutral,EU4
SkeptiKhatt,untrueneutral,EU4
YouTube,ZalrokChaos,EU4
FinishLine,Sickgamer217,EU4
Nike,Sickgamer217,EU4
FinishLine,bulldogboyz90,EU4
Nike,bulldogboyz90,EU4
ChristianMingel,camdbowles,CK2
aKiss4Luck,Essentia_Modica,CK2
YouTube,AuraGuyGaming,CK2
Heldm_gaming,Ashantin3,CK2
aKiss4Luck,Essentia_Modica,CK2
GreenBiz,VisionaryValues,CK2
Jaggesh2,Manju_gh,CK2
aKiss4Luck,talesddc,CK2
aKiss4Luck,rsidss,CK2
aKiss4Luck,ZeDeadM8,CK2
YouTube,NGParadox,CK2
YouTube,Enigmaticrose4,CK2
Atma_Enn,JannieAbenes,CK2
NforNihilism,jon_snow_420,CK2
corpsehands,jon_snow_420,CK2
NforNihilism,corpsehands,CK2
jon_snow_420,corpsehands,CK2
corpsehands,NforNihilism,CK2
CrusaderKings,rmaedhis,CK2
AsteroidMisses,radsupporter,CK2
Pharmaceut_MDPI,asparkon,CK2
AsteroidMisses,milysspr,CK2
YouTube,AuraGuyGaming,CK2
PdxInteractive,RPGamesbe,CK2
AsteroidMisses,AlbionsSeed,CK2
AsteroidMisses,TeguaTitulado,CK2
LordLastHearth,Branthebuilder1,CK2
YouTube,Branthebuilder1,CK2
StellarisGame,BronxShogun,Stellaris
Cringer63,tonksy88,Stellaris
StellarisGame,TheMadadh,Stellaris
WSC_Discord,lesroidesange,Stellaris
Mostly_Linux,hdiogosilva,Stellaris
StellarisGame,hdiogosilva,Stellaris
PdxInteractive,hdiogosilva,Stellaris
gamingonlinux,hdiogosilva,Stellaris
AsaTJ,JakobIngvardsen,Stellaris
EnterElysium,Aradinsc,Stellaris
StellarisGame,futur_mirai,Stellaris
sugurinyan,KohakuFanatic,Stellaris
Mostly_Linux,obo,Stellaris
PdxInteractive,HeaTzGaming,Stellaris
Mostly_Linux,vexii12,Stellaris
StellarisGame,Crescy_Star,Stellaris
StellarisGame,Ruairi_Iliffe,Stellaris
Mostly_Linux,wildhartz,Stellaris
StellarisGame,Togusa09,Stellaris
ZeroMark26,UselessJack,Stellaris
StellarisGame,Phase_Duskclaw,Stellaris
Mostly_Linux,Vertic90,Stellaris
kchunghafancams,SEULGISTE,Stellaris
Mostly_Linux,RafiLinux,Stellaris
realscavenger18,burros1killer,Stellaris
StellarisGame,Official_N2,Stellaris
StellarisGame,SimplyHarmonic,Stellaris
StellarisGame,Indigomu,Stellaris
StellarisGame,ferrari955,Stellaris
StellarisGame,DJSnM,Stellaris
StellarisGame,kclt10,Stellaris
ROP_Tweets,NBroadsword,Stellaris
TotalWarLegend,NBroadsword,Stellaris
YouTube,Liontamer45,Stellaris
Miertheicon,Drossen_M,Stellaris
Surviving_Mars,Mallikanth,Stellaris
PdxInteractive,Mallikanth,Stellaris
YouTube,Meswannjr,Stellaris
StellarisGame,daftpunkliker,Stellaris
Weilacca_,Quasica,Stellaris
ShamsJorjani,AndersHillestad,Stellaris
Subnautica,AndersHillestad,Stellaris
Terinn23,huffitypuffity,Stellaris
SabrielTelise,klawful8,Stellaris
klawful8,klawful8,Stellaris
klawful8,SabrielTelise,Stellaris
YouTube,AdamAstraGames,Stellaris
StellarisGame,PraetorianJynx,Stellaris
pcgamer,biljettfrmedlin,Stellaris
randomvector,G_Ayyy_Boi,Stellaris
Pelshoff,flijten,Stellaris
JoostdeLocht,flijten,Stellaris
RodideBoer,flijten,Stellaris
WindyC0ck,13alzaphon,Stellaris
Ricktatorship91,13alzaphon,Stellaris
CartoGuild,VelcorianGames,Stellaris
Ashlynn_L,VelcorianGames,Stellaris
ManyATrueNerd,rangerrenze,Stellaris
ROP_Tweets,DarrenROP,Stellaris
TotalWarLegend,DarrenROP,Stellaris
TotalWarLegend,ROP_Tweets,Stellaris
pcgamer,griffingold55,Stellaris
ToastyMcStrudel,haafie,Stellaris
lowbeyonder,arashikurobara,Stellaris
SirWyattEsquire,_Korinth_,Stellaris
StellarisGame,KJS12345678910,Stellaris
pcgamer,GRGamersDotCom,Stellaris
YouTube,Vi6DDarkKing,Stellaris
YouTube,FmrPlays,Stellaris
IntenseEnergies,david_kenneth_d,Stellaris
Outsideness,david_kenneth_d,Stellaris
Outsideness,IntenseEnergies,Stellaris
burros1killer,realscavenger18,Stellaris
HaveJoystick,Justfadinaway,Stellaris
Just_J4mes,cristinlambert,Stellaris
WSC_Discord,WSC_Discord,Stellaris
StellarisGame,MinarchCookbook,Stellaris
JohnnyAtom,WSC_Discord,Stellaris
PDX_Dev_Studio,WSC_Discord,Stellaris
StellarisGame,aitch_hat,Stellaris
StellarisGame,creaticrew,Stellaris
Sully_Chris75,Burbs181741,Stellaris
Burbs181741,Burbs181741,Stellaris
Sully_Chris75,The_Sovereignty,Stellaris
Burbs181741,The_Sovereignty,Stellaris
Sully_Chris75,EDHunterGames,Stellaris
Burbs181741,EDHunterGames,Stellaris
Sully_Chris75,MaviaKain,Stellaris
Burbs181741,MaviaKain,Stellaris
Sully_Chris75,DJTruthsayer,Stellaris
Burbs181741,DJTruthsayer,Stellaris
Burbs181741,Sully_Chris75,Stellaris
StellarisGame,panzernator,Stellaris
StellarisGame,HorathDrak,Stellaris
__jackary,NutshellGulag,Stellaris
Victoria2game,okasion2012,Victoria2game
PDX_Dev_Studio,okasion2012,Victoria2game
EnviousCameron,GhostlyPSD,EU4
EnviousCameron,Envy_Youth,EU4
EnviousCameron,SilverFlynn_,EU4
YouTube,RidlayHi,EU4
VisageZahvs,EnviousCameron,EU4
EnviousEra,ZynahOG,EU4
EnviousEra,ZynahOG,EU4
EnviousEra,Reynirrr,EU4
EnviousEra,Aye_Ice,EU4
EnviousEra,J3TP4C,EU4
EnviousEra,Fraaki_,EU4
EnviousEra,Xcutionerr,EU4
EnviousEra,EnvyKojah,EU4
EnviousEra,bababmx73,EU4
EnviousEra,uTronn_,EU4
EnviousEra,_DrShank_,EU4
YouTube,theavengefulone,EU4
Meneth_,Alfray_Stryke,EU4
SirVogelius,Alfray_Stryke,EU4
EnviousEra,ayeAlx,EU4
EnviousEra,Krazy_GFX,EU4
EnviousEra,HvnTrixzy,EU4
EnviousEra,VrotherFMJaay,EU4
EnviousCameron,BreachNasty,EU4
EnviousEra,WhosBubs,EU4
EnviousCameron,ExonRedZ,EU4
EnviousCameron,EnviousEra,EU4
EnviousCameron,EnviousChemist,EU4
EnviousCameron,EnvyDeeds,EU4
EnviousEra,DinnoGB,EU4
EnviousEra,rhinify,EU4
EnviousEra,FlavorSound,EU4
EnviousEra,Fleys_,EU4
EnviousEra,Idolrizhm,EU4
EnviousEra,SilverBryzee,EU4
EnviousEra,530px,EU4
EnviousEra,GetSomePurified,EU4
EnviousEra,vintageddshots,EU4
YouTube,StratBeckerYT,EU4
EnviousEra,Clipzvx,EU4
EnviousEra,MorganeRome,EU4
EnviousEra,WelliumVizion,EU4
EnviousEra,HeyItsCozy,EU4
EnviousEra,MaadFPS,EU4
EnviousEra,SoloRezy,EU4
EnviousEra,NOTOBEYTHREATZ,EU4
EnviousEra,EnviousCameron,EU4
EnviousEra,NahuelA91124476,EU4
EnviousEra,VisageWizkinG,EU4
EnviousEra,MxqzTheNerd,EU4
EnviousEra,CrucialOnes,EU4
EnviousEra,CrucialArtelier,EU4
EnviousEra,LordPinkos,EU4
EnviousEra,YoBoyScar,EU4
EnviousEra,RiwaysEdits,EU4
EnviousEra,BreachFrederik,EU4
EnviousEra,EnvyDeeds,EU4
EnviousEra,EnvyBeemz,EU4
EnviousEra,Abdu1mal2k,EU4
EnviousEra,xpnax,EU4
EnviousEra,EnvyFlxght,EU4
EnviousEra,refractnhoaa,EU4
EnviousEra,InvadePrysM,EU4
EnviousEra,RefractZylo,EU4
EnviousEra,VisageZahvs,EU4
EnviousEra,LevZayne,EU4
DeanzM1,VisageThings,EU4
EnviousEra,ldolKiba,EU4
EnviousEra,JuddN19T,EU4
EnviousEra,puzhle,EU4
EnviousEra,VisageThings,EU4
EnviousEra,Majinx666,EU4
EnviousEra,LoyalUpsurge,EU4
EnviousEra,artistrylvcazz,EU4
EnviousEra,BlazeCRNM,EU4
EnviousEra,Poizonsz,EU4
EnviousEra,s_urgeSV,EU4
EnviousEra,LucasRobinson19,EU4
EnviousEra,SharpDemo_,EU4
EnviousEra,abolistik34,EU4
EnviousEra,alejand76767413,EU4
EnviousEra,thegumzi,EU4
EnviousEra,lnlace,EU4
EnviousEra,LucidZeki,EU4
EnviousEra,theteampsyqo,EU4
EnviousEra,LorehEdits,EU4
EnviousEra,DaysLimited,EU4
YouTube,LordLastHearth,CK2
YouTube,LordLastHearth,CK2
AsteroidMisses,Imbolc22,CK2
pcgamer,scylla00,CK2
WarrenIsDead,julesfromqueens,CK2
Fengxii,julesfromqueens,CK2
NanamiOjousama,noisemaid,CK2
YouTube,Pen_Kitten82,CK2
YouTube,xBombtank,CK2
GreenBiz,SusiDarwin,CK2
reddit,rmaedhis,CK2
pcgamer,kmschenk,CK2
YouTube,Enigmaticrose4,CK2
AristotradX2,GortholMormegil,CK2
YouTube,ZalrokChaos,CK2
ShireShitposter,keketheosis,CK2
GreenBiz,elena_ep,CK2
TerraCycle,elena_ep,CK2
TomSzaky,elena_ep,CK2
BardMBA,elena_ep,CK2
TroyGoodfellow,Mordaith,CK2
EponymousKid,mygoodbinch,CK2
m_m_myers,mygoodbinch,CK2
YouTube,NGParadox,CK2
YouTube,LordLastHearth,CK2
YouTube,PBSA1,CK2
YouTube,daremnantz,Stellaris
YouTube,daremnantz,Stellaris
Sai_488,ScholarlyGamer,Stellaris
Nicholas_Eames,Myrrdoch,Stellaris
TheGameBakers,Myrrdoch,Stellaris
Lesbiologist,wholemilk,Stellaris
Sai_488,SteelShin,Stellaris
MemeMachineDrgn,mallo120,Stellaris
Martin_Anward,mallo120,Stellaris
MMORPGcom,Saberous,Stellaris
sandworks,lovesnerdystuff,Stellaris
YouTube,meritocracyteam,Stellaris
ManyATrueNerd,TheCharmingBrit,Stellaris
WSC_Discord,SirWyattEsquire,Stellaris
YouTube,Meswannjr,Stellaris
yogkangaroo,Jakubeczdm,Stellaris
Kommie_Kermit,Nicholas_Eames,Stellaris
TheGameBakers,Nicholas_Eames,Stellaris
twitchshare,SumtaPenDragon,Stellaris
Nicholas_Eames,Kommie_Kermit,Stellaris
TheGameBakers,Kommie_Kermit,Stellaris
YouTube,AdamAstraGames,Stellaris
YouTube,Vader_Prime_,Stellaris
neuroecology,awjedwards,Stellaris
RainBlackKat,NyeupeSungura,Stellaris
LeJerque,SlowPsycho,Stellaris
StellarisGame,SlowPsycho,Stellaris
longgameshort,MorrisTemplaria,Stellaris
drewmars07,HorathDrak,Stellaris
StellarisGame,HorathDrak,Stellaris
HorathDrak,HorathDrak,Stellaris
ShutterBasset,RuiFigueirinha,Stellaris
YouTube,Vader_Prime_,Stellaris
YouTubeGaming,RivalZoneGaming,Stellaris
StellarisGame,CoG_Discord,Stellaris
AsaTJ,CoG_Discord,Stellaris
Yamaxanadieu,SindriOfJorvik,Stellaris
einsatzgroper,SindriOfJorvik,Stellaris
YouTube,Brysifan12,Stellaris
WSC_Discord,KreinPL,Stellaris
YouTube,ThoughtfulGamin,Stellaris
YouTube,GarcRivas,Stellaris
StellarisGame,LShoggoth,Stellaris
steam_games,LShoggoth,Stellaris
YouTube,PhilattheGame,Stellaris
YouTube,panzernator,Stellaris
RivalZoneGaming,Littlered84,Stellaris
DrNotAsEvil,Precursors_Dawn,Stellaris
StellarisGame,Precursors_Dawn,Stellaris
WSC_Discord,Dnote_Z5,Stellaris
Android_Blues,solebrotherkab,Stellaris
StellarisGame,drewmars07,Stellaris
HorathDrak,drewmars07,Stellaris
BrettHowse,StellarisGame,Stellaris
Corgolyin,ConstantWarfare,Stellaris
pcgamer,EmreBG33,Stellaris
StellarisGame,taihodesu,Stellaris
StellarisGame,JigsterApp,Stellaris
StellarisGame,GhostlyAugust,Stellaris
Benjamin_Magnus,StellarisGame,Stellaris
Lewis_TVG,StellarisGame,Stellaris
StellarisGame,Darkuodai,Stellaris
YouTube,TheAsianGeek,Stellaris
SolemnSalmon,j3d1w4lk3r,Stellaris
YouTube,j3d1w4lk3r,Stellaris
yogkangaroo,WSC_Discord,Stellaris
YouTube,Vertual_pix,Stellaris
mwallace142,worldofotium,Stellaris
YouTube,SolemnSalmon,Stellaris
Over9000coffey,Araxnus,EU4
Araxnus,Over9000coffey,EU4
duduuugs,HoesamaBinLaden,EU4
Araxnus,Over9000coffey,EU4
ThrownIntoSol,MOOMANiBE,EU4
MOOMANiBE,ThrownIntoSol,EU4
MOOMANiBE,sammyfreak,EU4
YouTube,Gocha19980605,EU4
YouTube,theinoobproject,EU4
FortniteGame,Awesomedjd,EU4
YouTube,LuckyMarineGame,EU4
YouTube,LuckyMarineGame,EU4
CapitnWillMoran,Rebel_Arminius,EU4
E_Universalis,Rebel_Arminius,EU4
YouTube,Zhatelier,EU4
GrafVonGrau,EvolaKid,EU4
SouthSlavTrad,EvolaKid,EU4
YouTube,Lambert2191,EU4
VoluntaristWeeb,Redking47175373,EU4
YouTube,LordForwind,EU4
YouTube,snekulife,EU4
YouTube,_MrRageGamer_,EU4
CapitnWillMoran,Winki_van_Suar,EU4
E_Universalis,Winki_van_Suar,EU4
YouTube,_MrRageGamer_,EU4
SirVogelius,Alfray_Stryke,EU4
YouTube,fernyfarm,EU4
Alfray_Stryke,SirVogelius,EU4
CapitnWillMoran,_rauluson,EU4
E_Universalis,_rauluson,EU4
TrentPax,Archyes_Dota,EU4
AsaTJ,KatelynLoveren,EU4
StellarisGame,KatelynLoveren,EU4
CapitnWillMoran,ARCE_EBH,EU4
E_Universalis,ARCE_EBH,EU4
CapitnWillMoran,CapitnWillMoran,EU4
E_Universalis,CapitnWillMoran,EU4
YouTube,ZalrokChaos,EU4
HaiseSpirits,Morgilily,EU4
sorxru,Morgilily,EU4
CapitnWillMoran,GameGabster,EU4
E_Universalis,GameGabster,EU4
HaiseSpirits,GameGabster,EU4
sorxru,GameGabster,EU4
YouTube,Lambert2191,EU4
ShamsJorjani,moduletux,EU4
JDtheHutt,moduletux,EU4
danielg0ldberg,moduletux,EU4
SpiritusNoxSA,_Zeria_,EU4
_Zeria_,SpiritusNoxSA,EU4
ShamsJorjani,_jthill,EU4
JDtheHutt,_jthill,EU4
danielg0ldberg,_jthill,EU4
YouTube,InvisibleTower,EU4
MOOMANiBE,ThrownIntoSol,CK2
IzixsLP,matrioshkadog,CK2
YouTube,matrioshkadog,CK2
YouTube,IzixsLP,CK2
OuterSiberia,rogowhiskey,CK2
kulturalmarx,rogowhiskey,CK2
YouTube,quarx_rylzma,CK2
YouTube,meritocracyteam,CK2
TerraCycle,GreenBiz,CK2
TomSzaky,GreenBiz,CK2
BardMBA,GreenBiz,CK2
ShamsJorjani,i_am_samis,CK2
JDtheHutt,i_am_samis,CK2
danielg0ldberg,i_am_samis,CK2
GreenBiz,DeeSpiro1,CK2
rockpapershot,manusyadrew,CK2
schellhor,Taimur_T_Malik,CK2
GreenBiz,Taimur_T_Malik,CK2
YouTube,NGParadox,CK2
GreenBiz,schellhor,CK2
YouTube,LordLastHearth,CK2
greentechlady,sgood10,CK2
GreenBiz,sgood10,CK2
YouTube,LordLastHearth,CK2
YouTube,LordLastHearth,CK2
SirVogelius,Alfray_Stryke,CK2
greentechlady,SmartPlanet,CK2
GreenBiz,SmartPlanet,CK2
omfgblondie,Lambert2191,CK2
GreenBiz,greentechlady,CK2
BBRC,Brunorm84,CK2
TrentPax,Archyes_Dota,CK2
DistractedElf,RCH1973,CK2
CarlaRinaldiXXX,IllegibleSmudge,CK2
BlackCheckShirt,IllegibleSmudge,CK2
CarlaRinaldiXXX,IllegibleSmudge,CK2
BlackCheckShirt,IllegibleSmudge,CK2
CarlaRinaldiXXX,IllegibleSmudge,CK2
BlackCheckShirt,IllegibleSmudge,CK2
BlackCheckShirt,IllegibleSmudge,CK2
CavannaRose,ASinnersGrin,CK2
Lilly1364,ASinnersGrin,CK2
Lilly1364,ASinnersGrin,CK2
ShamsJorjani,moduletux,CK2
JDtheHutt,moduletux,CK2
danielg0ldberg,moduletux,CK2
SpiritusNoxSA,_Zeria_,CK2
ISPuuuv,Molindawolf,CK2
_Zeria_,SpiritusNoxSA,CK2
ultrasylveon,sovietblobfish,CK2
ShamsJorjani,_jthill,CK2
JDtheHutt,_jthill,CK2
danielg0ldberg,_jthill,CK2
YouTube,Liontamer45,Stellaris
pcgamer,mastergraywolf,Stellaris
pcgamer,griffingold55,Stellaris
Polygon,Eugene_Roserie,Stellaris
Polygon,ntheweird,Stellaris
JoshuaDalzelle,Partyhouse90,Stellaris
eurogamer,Tonyc6661,Stellaris
SiobhanFTB,JimStorrie,Stellaris
austin_walker,sletrent,Stellaris
SiobhanFTB,JimStorrie,Stellaris
YouTube,AdamAstraGames,Stellaris
StellarisGame,redphoenyx,Stellaris
YouTube,Alluvian,Stellaris
YouTube,ryanrules247,Stellaris
Larena27,MOOMANiBE,Stellaris
MOOMANiBE,Larena27,Stellaris
RochelleK1994,streamunity,Stellaris
LplateGamer,streamunity,Stellaris
NireBryce,TransAmazon,Stellaris
StellarisGame,hapyzach29,Stellaris
waywardstrategy,Helge129,Stellaris
pcgamer,W123p_cgi,Stellaris
kealacarr,UCANTCEEMEgamer,Stellaris
RoastAnatomy,UCANTCEEMEgamer,Stellaris
UCANTCEEMEgamer,UCANTCEEMEgamer,Stellaris
giltsummer5196,UCANTCEEMEgamer,Stellaris
Can_DougieBoy,UCANTCEEMEgamer,Stellaris
flopnose,UCANTCEEMEgamer,Stellaris
familyofgamerss,UCANTCEEMEgamer,Stellaris
Perfect2Studios,UCANTCEEMEgamer,Stellaris
PawsPlayer,UCANTCEEMEgamer,Stellaris
TheRO,UCANTCEEMEgamer,Stellaris
StellarisGame,FredOnFantasy,Stellaris
RoastAnatomy,UCANTCEEMEgamer,Stellaris
kealacarr,UCANTCEEMEgamer,Stellaris
UCANTCEEMEgamer,UCANTCEEMEgamer,Stellaris
giltsummer5196,UCANTCEEMEgamer,Stellaris
Can_DougieBoy,UCANTCEEMEgamer,Stellaris
flopnose,UCANTCEEMEgamer,Stellaris
familyofgamerss,UCANTCEEMEgamer,Stellaris
Perfect2Studios,UCANTCEEMEgamer,Stellaris
PawsPlayer,UCANTCEEMEgamer,Stellaris
TheRO,UCANTCEEMEgamer,Stellaris
RochelleK1994,_MacaTv_,Stellaris
LplateGamer,_MacaTv_,Stellaris
RoastAnatomy,UCANTCEEMEgamer,Stellaris
UCANTCEEMEgamer,UCANTCEEMEgamer,Stellaris
kealacarr,UCANTCEEMEgamer,Stellaris
giltsummer5196,UCANTCEEMEgamer,Stellaris
Can_DougieBoy,UCANTCEEMEgamer,Stellaris
flopnose,UCANTCEEMEgamer,Stellaris
familyofgamerss,UCANTCEEMEgamer,Stellaris
Perfect2Studios,UCANTCEEMEgamer,Stellaris
PawsPlayer,UCANTCEEMEgamer,Stellaris
TheRO,UCANTCEEMEgamer,Stellaris
RoastAnatomy,kealacarr,Stellaris
UCANTCEEMEgamer,kealacarr,Stellaris
giltsummer5196,kealacarr,Stellaris
Can_DougieBoy,kealacarr,Stellaris
flopnose,kealacarr,Stellaris
familyofgamerss,kealacarr,Stellaris
Perfect2Studios,kealacarr,Stellaris
ColinStricklin,raparth_prime,Stellaris
LplateGamer,RochelleK1994,Stellaris
kealacarr,RoastAnatomy,Stellaris
UCANTCEEMEgamer,RoastAnatomy,Stellaris
giltsummer5196,RoastAnatomy,Stellaris
Can_DougieBoy,RoastAnatomy,Stellaris
flopnose,RoastAnatomy,Stellaris
familyofgamerss,RoastAnatomy,Stellaris
Perfect2Studios,RoastAnatomy,Stellaris
PawsPlayer,RoastAnatomy,Stellaris
YouTube,canaldorizzao,Stellaris
pcgamer,teitokuhomura,Stellaris
pcgamer,gotthammer,Stellaris
pcgamer,madmanmarz,Stellaris
pcgamer,KeepcalmcodingC,Stellaris
UCANTCEEMEgamer,RoastAnatomy,Stellaris
kealacarr,RoastAnatomy,Stellaris
giltsummer5196,RoastAnatomy,Stellaris
Can_DougieBoy,RoastAnatomy,Stellaris
flopnose,RoastAnatomy,Stellaris
familyofgamerss,RoastAnatomy,Stellaris
Perfect2Studios,RoastAnatomy,Stellaris
PawsPlayer,RoastAnatomy,Stellaris
YouTube,Meswannjr,Stellaris
HorathDrak,Riderius,Stellaris
Benjamin_Magnus,NoArmsTigerMan,Stellaris
waywardstrategy,Helge129,Stellaris
Polygon,Sir_Rider117,Stellaris
DavidHuzzard,ouij,Stellaris
nationals101,ouij,Stellaris
YouTube,RetromationYT,Stellaris
StellarisGame,Draden666401651,Stellaris
stellaris,Inny78,Stellaris
StellarisGame,pheon0802,Stellaris
jamespost,lowbeyonder,Stellaris
DrNotAsEvil,ImpatientFox,Stellaris
StellarisGame,ImpatientFox,Stellaris
StellarisGame,ArtirKel,Stellaris
YouTube,HorathDrak,Stellaris
YouTube,panzernator,Stellaris
StellarisGame,october_tiger,Stellaris
StellarisGame,CapitnWillMoran,Stellaris
StellarisGame,SliceableStorm,Stellaris
Mordaith,WSC_Discord,Stellaris
StellarisGame,WSC_Discord,Stellaris
breakycpk,GeneralJeevicus,Stellaris
StellarisGame,Dest544,Stellaris
AsaTJ,Dest544,Stellaris
Polygon,nate2662,Stellaris
StellarisGame,alexchousakos,Stellaris
PrincessitySC2,WSC_Discord,Stellaris
StellarisGame,andromedapls,Stellaris
StellarisGame,Odysseus1944,Stellaris
pcgamer,Batshitcrazy07,Stellaris
Polygon,AvaSolus,Stellaris
StellarisGame,stnh_official,Stellaris
MoggieBoourns,stnh_official,Stellaris
stnh_official,stnh_official,Stellaris
StellarisGame,Pharniel,Stellaris
StellarisGame,Dest544,Stellaris
StellarisGame,ElenStar_,Stellaris
SnowyRow,Megan__Cutler,Stellaris
StevenBeargal,Aldowyn,EU4
Volatar,Aldowyn,EU4
Loa_Vecre,Aldowyn,EU4
mololabo,Aldowyn,EU4
ShamsJorjani,MystMagus,EU4
JDtheHutt,MystMagus,EU4
danielg0ldberg,MystMagus,EU4
cgrecord,FalkoTerek,EU4
ShamsJorjani,greydmiyu,EU4
JDtheHutt,greydmiyu,EU4
danielg0ldberg,greydmiyu,EU4
lomslomsloms,friedrich_kun,EU4
Gibbobobo,elder_tacotv,EU4
YouTube,HaveJoystick,EU4
,ntceduc2017,EU4
FortniteGame,braastad_j,EU4
DancingLlamasYT,braastad_j,EU4
YouTube,LuckyMarineGame,EU4
YouTube,LuckyMarineGame,EU4
figvamer,Biggy018,EU4
HOI_Game,Biggy018,EU4
YouTube,Zhatelier,EU4
olCoffer,kawaiitoc,EU4
YouTube,Lambert2191,EU4
YouTube,TwentiethBeef,EU4
YouTube,LordForwind,EU4
figvamer,WilhelmSjostrom,EU4
HOI_Game,WilhelmSjostrom,EU4
YouTube,LordForwind,EU4
figvamer,Mr_AliGB,EU4
HOI_Game,Mr_AliGB,EU4
figvamer,StephenBrink12,EU4
HOI_Game,StephenBrink12,EU4
figvamer,Rojasnetor,EU4
HOI_Game,Rojasnetor,EU4
figvamer,DrDirtyDan,EU4
HOI_Game,DrDirtyDan,EU4
HOI_Game,figvamer,EU4
E_Universalis,paradoxreaction,EU4
E_Universalis,T0RLoX_AUT,EU4
Moudiiz_,yousef200020,EU4
alexhern,liquidindian,EU4
VisageZahvs,EnvyRobn,EU4
YouTube,Lambert2191,EU4
YouTube,fernyfarm,EU4
YouTube,ZalrokChaos,EU4
_bruehl,AwesomeRash,CK2
Totalbiscuit,AwesomeRash,CK2
StevenBeargal,Aldowyn,CK2
Volatar,Aldowyn,CK2
Loa_Vecre,Aldowyn,CK2
mololabo,Aldowyn,CK2
0xabad1dea,Anzekay,CK2
ShamsJorjani,MystMagus,CK2
JDtheHutt,MystMagus,CK2
danielg0ldberg,MystMagus,CK2
ShamsJorjani,greydmiyu,CK2
JDtheHutt,greydmiyu,CK2
danielg0ldberg,greydmiyu,CK2
QaraKoyunlu,RedbirdMenace,CK2
epitasis,RedbirdMenace,CK2
aKiss4Luck,OpenWorldAddict,CK2
aKiss4Luck,Asiak,CK2
Essentia_Modica,Asiak,CK2
Briarst,Asiak,CK2
kateri_t,out_of_beta,CK2
YouTube,meritocracyteam,CK2
aKiss4Luck,Essentia_Modica,CK2
YouTube,NGParadox,CK2
aKiss4Luck,ZeDeadM8,CK2
Essentia_Modica,ZeDeadM8,CK2
Briarst,ZeDeadM8,CK2
Essentia_Modica,aKiss4Luck,CK2
YouTube,NGParadox,CK2
YouTube,chaosatticus,CK2
YouTube,FrostPDP,CK2
YouTube,FrostPDP,CK2
CrusaderKings,Jorlem25,CK2
PDX_Dev_Studio,caringisdaring,CK2
CrusaderKings,caringisdaring,CK2
StellarisGame,tranquilentropy,Stellaris
YouTube,Pinstar,Stellaris
SkowoshiTiger,ouroboros_outis,Stellaris
YouTube,HaveJoystick,Stellaris
YouTube,ThoughtfulGamin,Stellaris
Nicholas_Eames,DjangoWexler,Stellaris
Benjamin_Magnus,NoArmsTigerMan,Stellaris
StellarisGame,philiplaureano,Stellaris
StellarisGame,Savatte,Stellaris
StellarisGame,Meneliki_,Stellaris
Asmodai_00,Fid_Apparently,Stellaris
FinalFrog,mechtroid,Stellaris
StellarisGame,Kahoolee_TW,Stellaris
Martin_Anward,Lord_SAS,Stellaris
AsaTJ,Turukano,Stellaris
StellarisGame,Turukano,Stellaris
StellarisGame,GameGabster,Stellaris
dmoregard,GameGabster,Stellaris
LeJerque,HappyFeet_1402,Stellaris
WSC_Discord,HappyFeet_1402,Stellaris
StellarisGame,HappyFeet_1402,Stellaris
NinjaSquirrelp,HappyFeet_1402,Stellaris
ShamsJorjani,MystMagus,Stellaris
JDtheHutt,MystMagus,Stellaris
danielg0ldberg,MystMagus,Stellaris
stephxxxz,ocabralaoo,Stellaris
YouTube,PartWolfPartMan,Stellaris
GameGabster,TroyGoodfellow,Stellaris
LeJerque,TroyGoodfellow,Stellaris
StellarisGame,TroyGoodfellow,Stellaris
thekruth,TroyGoodfellow,Stellaris
katelollar,TroyGoodfellow,Stellaris
suicune_dude,PAST_Dev,Stellaris
Mordaith,aitch_hat,Stellaris
StellarisGame,aitch_hat,Stellaris
StellarisGame,denbo_72,Stellaris
StellarisGame,TheVoices297,Stellaris
StellarisGame,chromiumpenguin,Stellaris
ShamsJorjani,duganchen,Stellaris
JDtheHutt,duganchen,Stellaris
danielg0ldberg,duganchen,Stellaris
aitch_hat,MorrisTemplaria,Stellaris
Martin_Anward,philiplaureano,Stellaris
StellarisGame,Mordaith,Stellaris
StellarisGame,HorathDrak,Stellaris
StellarisGame,Karallon,Stellaris
StellarisGame,GaryTheGammarid,Stellaris
aitch_hat,Mordaith,Stellaris
StellarisGame,ZadorozhnyiR,Stellaris
StellarisGame,ValnarDragoness,Stellaris
YouTube,Meswannjr,Stellaris
AsaTJ,Maximmillius,Stellaris
StellarisGame,Maximmillius,Stellaris
StellarisGame,aidanem,Stellaris
StellarisGame,Jon_Wolfoso,Stellaris
StellarisGame,uxigadur,Stellaris
StellarisGame,_Korinth_,Stellaris
Martin_Anward,MooreBits,Stellaris
Stellaris,MooreBits,Stellaris
StellarisGame,TrentDeRoc,Stellaris
StellarisGame,frankenparrot,Stellaris
StellarisGame,TheKoolEagle,Stellaris
StellarisGame,daftpunkliker,Stellaris
StellarisGame,djenebajalan,Stellaris
StellarisGame,CourtRooom,Stellaris
YouTube,FAppalling,Stellaris
StellarisGame,DrNotAsEvil,Stellaris
AsaTJ,RudeSara,Stellaris
StellarisGame,RudeSara,Stellaris
StellarisGame,metaknightmare,Stellaris
StellarisGame,SovietRussia,Stellaris
StellarisGame,AcrylicRat,Stellaris
StellarisGame,panzernator,Stellaris
StellarisGame,SimCopter_1,Stellaris
StellarisGame,TFS_Kitt3ns,Stellaris
StellarisGame,FullFatMark,Stellaris
StellarisGame,DamianRath,Stellaris
StellarisGame,randomthursday,Stellaris
StellarisGame,TheOwlishOne,Stellaris
StellarisGame,biljettfrmedlin,Stellaris
StellarisGame,WarrenIsDead,Stellaris
StellarisGame,Aldowyn,Stellaris
KinglerClaws,Tratos15,Stellaris
StellarisGame,Mallikanth,Stellaris
StellarisGame,Lodeclaw,Stellaris
StellarisGame,Cringer63,Stellaris
StellarisGame,ZellnuuEon,Stellaris
StellarisGame,AriThear,Stellaris
StellarisGame,Savatte,Stellaris
StellarisGame,WingedRayeth,Stellaris
StellarisGame,McOmghall,Stellaris
StellarisGame,MaysJedi,Stellaris
StellarisGame,yuitest_dev,Stellaris
